{"data": {"SOURCE_ID": "5123474129", "RECORDTYPE": "M", "SOURCECODE": "LR", "ENTERPRISECUSTID": "95694370332", "MOBILEOPTIN": "Y", "MOBILEOPTINCREATEDATE": "2024-12-15 13:25:21.000000", "PHONEOPTIN": null, "PHONEOPTINCREATEDATE": null, "MAILOPTIN": null, "MAILOPTINCREATEDATE": null, "EMAILOPTIN": null, "EMAILOPTINCREATEDATE": null, "MINAGEIND": null, "MINAGEINDCREATEDATE": null, "CONSENTTERMSCONDITIONS": "Y", "CONSENTTRMSCREATEDATE": "2024-12-15 13:25:21.000000", "SMSVALIDATIONSTATUS": "N", "SMSVALIDSTATUSCREATEDATE": "2024-12-15 13:25:21.000000", "EMAILVALIDATIONSTATUS": null, "EMAILVALIDSTATUSCREATEDATE": null, "DIGITALRECEIPTIND": "N", "DIGITALRCPTCREATEDATE": "2024-12-15 13:25:21.000000", "AGENTID": null, "ASSOCIATEID": null, "ENROLLMENTSOURCECODE": "LR", "STOREID": null, "LOYALTYEMPLOYEECARD": null, "LOYALTYEMPLOYEETYPE": null, "LOYALTYEMPLOYEESECRETCODE": null, "CREATEDTTM": "2024-12-15 13:25:21.000000", "UPDATEDTTM": "2023-01-13 02:08:27.000000", "RXDIGITALRECEIPTIND": "Y", "RXDIGITALRCPTCREATEDATE": "2024-12-15 13:25:21.000000", "ETARCT": null, "ETARCTdttm": null}, "beforeData": null, "headers": {"operation": "REFRESH", "changeSequence": "", "timestamp": "", "streamPosition": "", "transactionId": "", "changeMask": null, "columnMask": null, "transactionEventCounter": null, "transactionLastEvent": null}}